Workbook

Sheet 00_使用说明
A1: 实践一｜劳动力市场指标诊断
A2: 学生Excel模板 V1.0｜先独立V1，再做LMDT核验和AI审计，最后形成V2
A4: 班级（必填）
A5: 学号（必填）
A6: 姓名（必填）
A7: 学生模板版本 | B7: TPL-L02-STUDENT-V1.0
A8: 人物数据版本 | B8: DATA-L02-V1.0
A9: 规则版本 | B9: RULE-L02-V1.0
A12: 完成路径
A13: 步骤一 | B13: 阅读人物数据 | C13: 只看行为事实与时间窗口，不凭身份标签判断。
A14: 步骤二 | B14: 独立完成V1 | C14: 在02表逐人选择E/U/N、命中规则并写一句话依据；此时不要使用AI。
A15: 步骤三 | B15: 自己写Excel公式 | C15: 在03表输入W、E、U、N、LF和三项指标公式；模板只做交叉核对。
A16: 步骤四 | B16: 上传LMDT | C16: 实践一专用入口由教师课堂公布；保存反馈码和原始反馈，不覆盖V1。
A17: 步骤五 | B17: 审计外部AI | C17: 可使用自己合适的AI，但必须保留原回答并逐条标注接受、修改或拒绝及理由。
A18: 步骤六 | B18: 形成V2 | C18: 在05表修订或保留分类，在06表重新完成公式并检查图表。
A19: 步骤七 | B19: 完成汇报 | C19: 填写07表，并完成Word版LMDT核验与领导汇报报告。
A22: 三条底线
A23: 1 | B23: 不要改动01人物数据，也不要删除、排序或增补人物ID。
A24: 2 | B24: V1必须先独立完成并保留；AI可以被审计，不能替你完成第一版判断。
A25: 3 | B25: 本数据只有一个时期：可以说人数、比例和结构快照，不能说上升下降、原因或政策有效。
A28: 提交文件名：班级_学号_姓名_实践一_劳动力市场指标诊断_V2.xlsx；Word报告按同一前缀命名。截止时间和LMDT入口以学习通通知为准。

Sheet 01_人物数据
A1: 01｜实践一人物数据（36人）
A2: 教师原创单期教学情境｜数据版本 DATA-L02-V1.0｜本表不含E/U/N答案
A5: 人物ID | B5: 化名 | C5: 年龄 | D5: 身份线索 | E5: 参考周有酬/经营工作小时 | F5: 有工作但暂未上班 | G5: 暂未上班判定事实 | H5: 近3个月实际求职 | I5: 求职行动事实 | J5: 未来2周可开始工作 | K5: 其他关键事实 | L5: 数据版本
A6: P01 | B6: 陈静 | C6: 32 | D6: 销售职员 | E6: 40 | F6: 否 | G6: 不适用 | H6: 不适用 | I6: 不适用 | J6: 不适用 | K6: 本周正常从事有酬工作 | L6: DATA-L02-V1.0
A7: P02 | B7: 阿杰 | C7: 27 | D7: 自由设计师 | E7: 6 | F7: 否 | G7: 不适用 | H7: 不适用 | I7: 不适用 | J7: 不适用 | K7: 本周完成付费设计订单并收款 | L7: DATA-L02-V1.0
A8: P03 | B8: 林悦 | C8: 20 | D8: 全日制本科生 | E8: 8 | F8: 否 | G8: 不适用 | H8: 不适用 | I8: 不适用 | J8: 不适用 | K8: 本周完成有偿家教 | L8: DATA-L02-V1.0
A9: P04 | B9: 周明 | C9: 45 | D9: 工厂职工 | E9: 0 | F9: 是 | G9: 带薪年休假；岗位保留；下周返岗 | H9: 不适用 | I9: 不适用 | J9: 不适用 | K9: 本周未实际工作 | L9: DATA-L02-V1.0
A10: P05 | B10: 吴强 | C10: 39 | D10: 平台配送员 | E10: 25 | F10: 否 | G10: 不适用 | H10: 不适用 | I10: 不适用 | J10: 不适用 | K10: 本周接单并获得报酬 | L10: DATA-L02-V1.0
A11: P06 | B11: 赵国平 | C11: 66 | D11: 退休人员 | E11: 10 | F11: 否 | G11: 不适用 | H11: 不适用 | I11: 不适用 | J11: 不适用 | K11: 退休后本周有偿维修家电 | L11: DATA-L02-V1.0
A12: P07 | B12: 王芳 | C12: 34 | D12: 网店经营者 | E12: 30 | F12: 否 | G12: 不适用 | H12: 不适用 | I12: 不适用 | J12: 不适用 | K12: 本周经营网店并获得经营收入 | L12: DATA-L02-V1.0
A13: P08 | B13: 孙凯 | C13: 24 | D13: 实习生 | E13: 35 | F13: 否 | G13: 不适用 | H13: 不适用 | I13: 不适用 | J13: 不适用 | K13: 本周为有薪实习 | L13: DATA-L02-V1.0
A14: P09 | B14: 李梅 | C14: 51 | D14: 亲属餐馆服务员 | E14: 20 | F14: 否 | G14: 不适用 | H14: 不适用 | I14: 不适用 | J14: 不适用 | K14: 在亲属餐馆按小时领取工资 | L14: DATA-L02-V1.0
A15: P10 | B15: 高宇 | C15: 29 | D15: 网约车个体经营者 | E15: 18 | F15: 否 | G15: 不适用 | H15: 不适用 | I15: 不适用 | J15: 不适用 | K15: 本周接单并取得经营收入 | L15: DATA-L02-V1.0
A16: P11 | B16: 刘娜 | C16: 28 | D16: 企业职员 | E16: 0 | F16: 是 | G16: 带薪产假；岗位保留；计划按期返岗 | H16: 不适用 | I16: 不适用 | J16: 不适用 | K16: 本周未实际工作 | L16: DATA-L02-V1.0
A17: P12 | B17: 黄磊 | C17: 41 | D17: 仓库管理员 | E17: 0 | F17: 是 | G17: 带薪病假；岗位保留；预计10天后返岗 | H17: 不适用 | I17: 不适用 | J17: 不适用 | K17: 本周未实际工作 | L17: DATA-L02-V1.0
... A41: P36 | B41: 孟琪 | C41: 55 | D41: 家庭照护者 | E41: 0 | F41: 否 | G41: 无 | H41: 否 | I41: 未求职 | J41: 否 | K41: 未来1个月无法离开照护岗位 | L41: DATA-L02-V1.0

Sheet 02_V1分类
A1: 02｜独立完成V1分类
A2: 黄色列由你填写；先完成并保存V1，再进入LMDT或外部AI；不要修改人物事实
A5: 人物ID | B5: 化名 | C5: 年龄 | D5: 身份线索 | E5: 参考周有酬/经营小时 | F5: 暂未上班 | G5: 暂未上班事实 | H5: 近3个月实际求职 | I5: 求职事实 | J5: 未来2周可开始 | K5: 其他关键事实 | L5: 我的V1分类 | M5: 命中规则 | N5: 一句话依据 | O5: 完成自检
A6: ='01_人物数据'!A6 -> P01 | B6: ='01_人物数据'!B6 -> 陈静 | C6: ='01_人物数据'!C6 -> 32 | D6: ='01_人物数据'!D6 -> 销售职员 | E6: ='01_人物数据'!E6 -> 40 | F6: ='01_人物数据'!F6 -> 否 | G6: ='01_人物数据'!G6 -> 不适用 | H6: ='01_人物数据'!H6 -> 不适用 | ... K6: ='01_人物数据'!K6 -> 本周正常从事有酬工作 | O6: =IF(AND(L6<>"",M6<>"",N6<>""),"完成","待填写") -> 待填写
A7: ='01_人物数据'!A7 -> P02 | B7: ='01_人物数据'!B7 -> 阿杰 | C7: ='01_人物数据'!C7 -> 27 | D7: ='01_人物数据'!D7 -> 自由设计师 | E7: ='01_人物数据'!E7 -> 6 | F7: ='01_人物数据'!F7 -> 否 | G7: ='01_人物数据'!G7 -> 不适用 | H7: ='01_人物数据'!H7 -> 不适用 | ... K7: ='01_人物数据'!K7 -> 本周完成付费设计订单并收款 | O7: =IF(AND(L7<>"",M7<>"",N7<>""),"完成","待填写") -> 待填写
A8: ='01_人物数据'!A8 -> P03 | B8: ='01_人物数据'!B8 -> 林悦 | C8: ='01_人物数据'!C8 -> 20 | D8: ='01_人物数据'!D8 -> 全日制本科生 | E8: ='01_人物数据'!E8 -> 8 | F8: ='01_人物数据'!F8 -> 否 | G8: ='01_人物数据'!G8 -> 不适用 | H8: ='01_人物数据'!H8 -> 不适用 | ... K8: ='01_人物数据'!K8 -> 本周完成有偿家教 | O8: =IF(AND(L8<>"",M8<>"",N8<>""),"完成","待填写") -> 待填写
A9: ='01_人物数据'!A9 -> P04 | B9: ='01_人物数据'!B9 -> 周明 | C9: ='01_人物数据'!C9 -> 45 | D9: ='01_人物数据'!D9 -> 工厂职工 | E9: ='01_人物数据'!E9 -> 0 | F9: ='01_人物数据'!F9 -> 是 | G9: ='01_人物数据'!G9 -> 带薪年休假；岗位保留；下周返岗 | H9: ='01_人物数据'!H9 -> 不适用 | ... K9: ='01_人物数据'!K9 -> 本周未实际工作 | O9: =IF(AND(L9<>"",M9<>"",N9<>""),"完成","待填写") -> 待填写
A10: ='01_人物数据'!A10 -> P05 | B10: ='01_人物数据'!B10 -> 吴强 | C10: ='01_人物数据'!C10 -> 39 | D10: ='01_人物数据'!D10 -> 平台配送员 | E10: ='01_人物数据'!E10 -> 25 | F10: ='01_人物数据'!F10 -> 否 | G10: ='01_人物数据'!G10 -> 不适用 | H10: ='01_人物数据'!H10 -> 不适用 | ... K10: ='01_人物数据'!K10 -> 本周接单并获得报酬 | O10: =IF(AND(L10<>"",M10<>"",N10<>""),"完成","待填写") -> 待填写
A11: ='01_人物数据'!A11 -> P06 | B11: ='01_人物数据'!B11 -> 赵国平 | C11: ='01_人物数据'!C11 -> 66 | D11: ='01_人物数据'!D11 -> 退休人员 | E11: ='01_人物数据'!E11 -> 10 | F11: ='01_人物数据'!F11 -> 否 | G11: ='01_人物数据'!G11 -> 不适用 | H11: ='01_人物数据'!H11 -> 不适用 | ... K11: ='01_人物数据'!K11 -> 退休后本周有偿维修家电 | O11: =IF(AND(L11<>"",M11<>"",N11<>""),"完成","待填写") -> 待填写
A12: ='01_人物数据'!A12 -> P07 | B12: ='01_人物数据'!B12 -> 王芳 | C12: ='01_人物数据'!C12 -> 34 | D12: ='01_人物数据'!D12 -> 网店经营者 | E12: ='01_人物数据'!E12 -> 30 | F12: ='01_人物数据'!F12 -> 否 | G12: ='01_人物数据'!G12 -> 不适用 | H12: ='01_人物数据'!H12 -> 不适用 | ... K12: ='01_人物数据'!K12 -> 本周经营网店并获得经营收入 | O12: =IF(AND(L12<>"",M12<>"",N12<>""),"完成","待填写") -> 待填写
A13: ='01_人物数据'!A13 -> P08 | B13: ='01_人物数据'!B13 -> 孙凯 | C13: ='01_人物数据'!C13 -> 24 | D13: ='01_人物数据'!D13 -> 实习生 | E13: ='01_人物数据'!E13 -> 35 | F13: ='01_人物数据'!F13 -> 否 | G13: ='01_人物数据'!G13 -> 不适用 | H13: ='01_人物数据'!H13 -> 不适用 | ... K13: ='01_人物数据'!K13 -> 本周为有薪实习 | O13: =IF(AND(L13<>"",M13<>"",N13<>""),"完成","待填写") -> 待填写
A14: ='01_人物数据'!A14 -> P09 | B14: ='01_人物数据'!B14 -> 李梅 | C14: ='01_人物数据'!C14 -> 51 | D14: ='01_人物数据'!D14 -> 亲属餐馆服务员 | E14: ='01_人物数据'!E14 -> 20 | F14: ='01_人物数据'!F14 -> 否 | G14: ='01_人物数据'!G14 -> 不适用 | H14: ='01_人物数据'!H14 -> 不适用 | ... K14: ='01_人物数据'!K14 -> 在亲属餐馆按小时领取工资 | O14: =IF(AND(L14<>"",M14<>"",N14<>""),"完成","待填写") -> 待填写
A15: ='01_人物数据'!A15 -> P10 | B15: ='01_人物数据'!B15 -> 高宇 | C15: ='01_人物数据'!C15 -> 29 | D15: ='01_人物数据'!D15 -> 网约车个体经营者 | E15: ='01_人物数据'!E15 -> 18 | F15: ='01_人物数据'!F15 -> 否 | G15: ='01_人物数据'!G15 -> 不适用 | H15: ='01_人物数据'!H15 -> 不适用 | ... K15: ='01_人物数据'!K15 -> 本周接单并取得经营收入 | O15: =IF(AND(L15<>"",M15<>"",N15<>""),"完成","待填写") -> 待填写
A16: ='01_人物数据'!A16 -> P11 | B16: ='01_人物数据'!B16 -> 刘娜 | C16: ='01_人物数据'!C16 -> 28 | D16: ='01_人物数据'!D16 -> 企业职员 | E16: ='01_人物数据'!E16 -> 0 | F16: ='01_人物数据'!F16 -> 是 | G16: ='01_人物数据'!G16 -> 带薪产假；岗位保留；计划按期返岗 | H16: ='01_人物数据'!H16 -> 不适用 | ... K16: ='01_人物数据'!K16 -> 本周未实际工作 | O16: =IF(AND(L16<>"",M16<>"",N16<>""),"完成","待填写") -> 待填写
A17: ='01_人物数据'!A17 -> P12 | B17: ='01_人物数据'!B17 -> 黄磊 | C17: ='01_人物数据'!C17 -> 41 | D17: ='01_人物数据'!D17 -> 仓库管理员 | E17: ='01_人物数据'!E17 -> 0 | F17: ='01_人物数据'!F17 -> 是 | G17: ='01_人物数据'!G17 -> 带薪病假；岗位保留；预计10天后返岗 | H17: ='01_人物数据'!H17 -> 不适用 | ... K17: ='01_人物数据'!K17 -> 本周未实际工作 | O17: =IF(AND(L17<>"",M17<>"",N17<>""),"完成","待填写") -> 待填写
... A41: ='01_人物数据'!A41 -> P36 | B41: ='01_人物数据'!B41 -> 孟琪 | C41: ='01_人物数据'!C41 -> 55 | D41: ='01_人物数据'!D41 -> 家庭照护者 | E41: ='01_人物数据'!E41 -> 0 | F41: ='01_人物数据'!F41 -> 否 | G41: ='01_人物数据'!G41 -> 无 | H41: ='01_人物数据'!H41 -> 否 | ... K41: ='01_人物数据'!K41 -> 未来1个月无法离开照护岗位 | O41: =IF(AND(L41<>"",M41<>"",N41<>""),"完成","待填写") -> 待填写

Sheet 03_V1指标
A1: 03｜V1人数与三指标
A2: B列必须由你输入Excel公式；C列只帮助检查内部计算，不代表你的分类已经正确
A5: 校验项 | B5: 我的公式/结果（请自行输入公式） | C5: 模板交叉核对值 | D5: 公式自检 | E5: 口径提示
A6: W｜本课统计范围人口 | C6: =COUNTA('02_V1分类'!A6:A41) -> 36 | D6: =IF(B6="","待输入",IF(ABS(B6-C6)<0.000001,"一致","请检查公式")) -> 待输入 | E6: 36个人物ID；本课均为16岁及以上
A7: E｜就业人口 | C7: =COUNTIF('02_V1分类'!L6:L41,"E") -> 0 | D7: =IF(B7="","待输入",IF(ABS(B7-C7)<0.000001,"一致","请检查公式")) -> 待输入 | E7: 分类为E的人数
A8: U｜失业人口 | C8: =COUNTIF('02_V1分类'!L6:L41,"U") -> 0 | D8: =IF(B8="","待输入",IF(ABS(B8-C8)<0.000001,"一致","请检查公式")) -> 待输入 | E8: 分类为U的人数
A9: N｜非劳动力 | C9: =COUNTIF('02_V1分类'!L6:L41,"N") -> 0 | D9: =IF(B9="","待输入",IF(ABS(B9-C9)<0.000001,"一致","请检查公式")) -> 待输入 | E9: 分类为N的人数
A10: LF｜劳动力 | C10: =C7+C8 -> 0 | D10: =IF(B10="","待输入",IF(ABS(B10-C10)<0.000001,"一致","请检查公式")) -> 待输入 | E10: E+U
A11: 劳动参与率 | C11: =IF(C6=0,"",C10/C6) -> 0 | D11: =IF(B11="","待输入",IF(ABS(B11-C11)<0.000001,"一致","请检查公式")) -> 待输入 | E11: LF/W
A12: 就业人口比 | C12: =IF(C6=0,"",C7/C6) -> 0 | D12: =IF(B12="","待输入",IF(ABS(B12-C12)<0.000001,"一致","请检查公式")) -> 待输入 | E12: E/W
A13: 失业率 | C13: =IF(C10=0,"",C8/C10) | D13: =IF(B13="","待输入",IF(ABS(B13-C13)<0.000001,"一致","请检查公式")) -> 待输入 | E13: U/LF
A14: 集合恒等校验 | C14: =C7+C8+C9 -> 0 | D14: =IF(B14="","待输入",IF(ABS(B14-C14)<0.000001,"一致","请检查公式")) -> 待输入 | E14: E+U+N=W
A17: 提交前自问
A18: 1 | B18: 我的每一个数字都来自公式，而不是照着别人结果手工填写。
A19: 2 | B19: 我能说清劳动参与率、就业人口比和失业率的分母为什么不同。
A20: 3 | B20: E+U+N等于W，LF等于E+U。
A21: 4 | B21: 如果分类改变，人数、比率和图表会同步改变。
A22: 5 | B22: 单期数据不能推出上升、下降或因果。

Sheet 04_LMDT与AI审计
A1: 04｜LMDT反馈与AI审计记录
A2: 先保存系统原始反馈，再记录外部AI原建议；你必须逐条决定接受、修改或拒绝
A4: LMDT核验编号
A5: V1上传时间
A6: V1客观状态
A7: 分类问题数
A8: 公式问题数
A9: 系统最终状态
A10: LMDT入口/版本 | B10: 课堂公布；实践一专用入口待系统实现
A12: 逐条反馈与AI审计
A13: 序号/人物ID | B13: LMDT反馈码 | C13: 系统原始反馈 | D13: AI原建议/原回答摘要 | E13: 我的判断 | F13: 证据或理由 | G13: 准备怎样改 | H13: 最终动作
A14: 1
A15: 2
A16: 3
A17: 4
A18: 5
A19: 6
A20: 7
A21: 8
A22: 9
A23: 10
A24: 11
A25: 12
... A49: 36
A52: AI使用总说明
A53: 使用的AI工具
A54: 主要提示词
A55: AI最有帮助之处
A56: AI最需要警惕之处
A57: 最终责任声明 | B57: 我已核对并对V2结论负责；AI没有替代我的V1判断。

Sheet 05_V2分类
A1: 05｜形成V2分类
A2: 保留V1原记录；V2可修改也可不改，但每一行都要写出最终规则与修改/保留理由
A5: 人物ID | B5: 化名 | C5: V1分类 | D5: LMDT反馈码 | E5: 我的V2分类 | F5: 变化状态 | G5: 最终命中规则 | H5: 修改/保留理由 | I5: 完成自检
A6: ='01_人物数据'!A6 -> P01 | B6: ='01_人物数据'!B6 -> 陈静 | C6: =IF('02_V1分类'!L6="","",'02_V1分类'!L6) | F6: =IF(E6="","待填写",IF(E6=C6,"保留","已修改")) -> 待填写 | I6: =IF(AND(E6<>"",G6<>"",H6<>""),"完成","待填写") -> 待填写
A7: ='01_人物数据'!A7 -> P02 | B7: ='01_人物数据'!B7 -> 阿杰 | C7: =IF('02_V1分类'!L7="","",'02_V1分类'!L7) | F7: =IF(E7="","待填写",IF(E7=C7,"保留","已修改")) -> 待填写 | I7: =IF(AND(E7<>"",G7<>"",H7<>""),"完成","待填写") -> 待填写
A8: ='01_人物数据'!A8 -> P03 | B8: ='01_人物数据'!B8 -> 林悦 | C8: =IF('02_V1分类'!L8="","",'02_V1分类'!L8) | F8: =IF(E8="","待填写",IF(E8=C8,"保留","已修改")) -> 待填写 | I8: =IF(AND(E8<>"",G8<>"",H8<>""),"完成","待填写") -> 待填写
A9: ='01_人物数据'!A9 -> P04 | B9: ='01_人物数据'!B9 -> 周明 | C9: =IF('02_V1分类'!L9="","",'02_V1分类'!L9) | F9: =IF(E9="","待填写",IF(E9=C9,"保留","已修改")) -> 待填写 | I9: =IF(AND(E9<>"",G9<>"",H9<>""),"完成","待填写") -> 待填写
A10: ='01_人物数据'!A10 -> P05 | B10: ='01_人物数据'!B10 -> 吴强 | C10: =IF('02_V1分类'!L10="","",'02_V1分类'!L10) | F10: =IF(E10="","待填写",IF(E10=C10,"保留","已修改")) -> 待填写 | I10: =IF(AND(E10<>"",G10<>"",H10<>""),"完成","待填写") -> 待填写
A11: ='01_人物数据'!A11 -> P06 | B11: ='01_人物数据'!B11 -> 赵国平 | C11: =IF('02_V1分类'!L11="","",'02_V1分类'!L11) | F11: =IF(E11="","待填写",IF(E11=C11,"保留","已修改")) -> 待填写 | I11: =IF(AND(E11<>"",G11<>"",H11<>""),"完成","待填写") -> 待填写
A12: ='01_人物数据'!A12 -> P07 | B12: ='01_人物数据'!B12 -> 王芳 | C12: =IF('02_V1分类'!L12="","",'02_V1分类'!L12) | F12: =IF(E12="","待填写",IF(E12=C12,"保留","已修改")) -> 待填写 | I12: =IF(AND(E12<>"",G12<>"",H12<>""),"完成","待填写") -> 待填写
A13: ='01_人物数据'!A13 -> P08 | B13: ='01_人物数据'!B13 -> 孙凯 | C13: =IF('02_V1分类'!L13="","",'02_V1分类'!L13) | F13: =IF(E13="","待填写",IF(E13=C13,"保留","已修改")) -> 待填写 | I13: =IF(AND(E13<>"",G13<>"",H13<>""),"完成","待填写") -> 待填写
A14: ='01_人物数据'!A14 -> P09 | B14: ='01_人物数据'!B14 -> 李梅 | C14: =IF('02_V1分类'!L14="","",'02_V1分类'!L14) | F14: =IF(E14="","待填写",IF(E14=C14,"保留","已修改")) -> 待填写 | I14: =IF(AND(E14<>"",G14<>"",H14<>""),"完成","待填写") -> 待填写
A15: ='01_人物数据'!A15 -> P10 | B15: ='01_人物数据'!B15 -> 高宇 | C15: =IF('02_V1分类'!L15="","",'02_V1分类'!L15) | F15: =IF(E15="","待填写",IF(E15=C15,"保留","已修改")) -> 待填写 | I15: =IF(AND(E15<>"",G15<>"",H15<>""),"完成","待填写") -> 待填写
A16: ='01_人物数据'!A16 -> P11 | B16: ='01_人物数据'!B16 -> 刘娜 | C16: =IF('02_V1分类'!L16="","",'02_V1分类'!L16) | F16: =IF(E16="","待填写",IF(E16=C16,"保留","已修改")) -> 待填写 | I16: =IF(AND(E16<>"",G16<>"",H16<>""),"完成","待填写") -> 待填写
A17: ='01_人物数据'!A17 -> P12 | B17: ='01_人物数据'!B17 -> 黄磊 | C17: =IF('02_V1分类'!L17="","",'02_V1分类'!L17) | F17: =IF(E17="","待填写",IF(E17=C17,"保留","已修改")) -> 待填写 | I17: =IF(AND(E17<>"",G17<>"",H17<>""),"完成","待填写") -> 待填写
... A41: ='01_人物数据'!A41 -> P36 | B41: ='01_人物数据'!B41 -> 孟琪 | C41: =IF('02_V1分类'!L41="","",'02_V1分类'!L41) | F41: =IF(E41="","待填写",IF(E41=C41,"保留","已修改")) -> 待填写 | I41: =IF(AND(E41<>"",G41<>"",H41<>""),"完成","待填写") -> 待填写

Sheet 06_V2指标图表
A1: 06｜V2人数、三指标与图表
A2: 重新输入V2公式；图表随你的V2分类自动更新，但图表不能替代口径与边界说明
A5: 校验项 | B5: 我的公式/结果（请自行输入公式） | C5: 模板交叉核对值 | D5: 公式自检 | E5: 口径提示
A6: W｜本课统计范围人口 | C6: =COUNTA('05_V2分类'!A6:A41) -> 36 | D6: =IF(B6="","待输入",IF(ABS(B6-C6)<0.000001,"一致","请检查公式")) -> 待输入 | E6: 36个人物ID；本课均为16岁及以上
A7: E｜就业人口 | C7: =COUNTIF('05_V2分类'!E6:E41,"E") -> 0 | D7: =IF(B7="","待输入",IF(ABS(B7-C7)<0.000001,"一致","请检查公式")) -> 待输入 | E7: 分类为E的人数
A8: U｜失业人口 | C8: =COUNTIF('05_V2分类'!E6:E41,"U") -> 0 | D8: =IF(B8="","待输入",IF(ABS(B8-C8)<0.000001,"一致","请检查公式")) -> 待输入 | E8: 分类为U的人数
A9: N｜非劳动力 | C9: =COUNTIF('05_V2分类'!E6:E41,"N") -> 0 | D9: =IF(B9="","待输入",IF(ABS(B9-C9)<0.000001,"一致","请检查公式")) -> 待输入 | E9: 分类为N的人数
A10: LF｜劳动力 | C10: =C7+C8 -> 0 | D10: =IF(B10="","待输入",IF(ABS(B10-C10)<0.000001,"一致","请检查公式")) -> 待输入 | E10: E+U
A11: 劳动参与率 | C11: =IF(C6=0,"",C10/C6) -> 0 | D11: =IF(B11="","待输入",IF(ABS(B11-C11)<0.000001,"一致","请检查公式")) -> 待输入 | E11: LF/W
A12: 就业人口比 | C12: =IF(C6=0,"",C7/C6) -> 0 | D12: =IF(B12="","待输入",IF(ABS(B12-C12)<0.000001,"一致","请检查公式")) -> 待输入 | E12: E/W
A13: 失业率 | C13: =IF(C10=0,"",C8/C10) | D13: =IF(B13="","待输入",IF(ABS(B13-C13)<0.000001,"一致","请检查公式")) -> 待输入 | E13: U/LF
A14: 集合恒等校验 | C14: =C7+C8+C9 -> 0 | D14: =IF(B14="","待输入",IF(ABS(B14-C14)<0.000001,"一致","请检查公式")) -> 待输入 | E14: E+U+N=W
A17: 提交前自问
A18: 1 | B18: 我的每一个数字都来自公式，而不是照着别人结果手工填写。
A19: 2 | B19: 我能说清劳动参与率、就业人口比和失业率的分母为什么不同。
A20: 3 | B20: E+U+N等于W，LF等于E+U。
A21: 4 | B21: 如果分类改变，人数、比率和图表会同步改变。
A22: 5 | B22: 单期数据不能推出上升、下降或因果。
A24: 分类 | B24: 模板核对人数
A25: E | B25: =C7 -> 0
A26: U | B26: =C8 -> 0
A27: N | B27: =C9 -> 0

Sheet 07_汇报提交
A1: 07｜汇报与提交
A2: 先写事实，再写谨慎解释与证据边界；领导汇报不是把所有数字堆在一起
A4: 数据版本 | B4: DATA-L02-V1.0 | C4: 数据时期 | D4: 单期教学快照
A5: W | B5: ='06_V2指标图表'!B6 -> 0 | C5: LF | D5: ='06_V2指标图表'!B10 -> 0
A6: E | B6: ='06_V2指标图表'!B7 -> 0 | C6: U | D6: ='06_V2指标图表'!B8 -> 0
A7: N | B7: ='06_V2指标图表'!B9 -> 0 | C7: 劳动参与率 | D7: ='06_V2指标图表'!B11 -> 0
A8: 就业人口比 | B8: ='06_V2指标图表'!B12 -> 0 | C8: 失业率 | D8: ='06_V2指标图表'!B13 -> 0
A9: V1完成数 | B9: =COUNTIF('02_V1分类'!O6:O41,"完成") -> 0 | C9: V2完成数 | D9: =COUNTIF('05_V2分类'!I6:I41,"完成") -> 0
A10: 公式一致数 | B10: =COUNTIF('06_V2指标图表'!D6:D14,"一致") -> 0 | C10: 应检查数 | D10: =COUNTIF('06_V2指标图表'!D6:D14,"<>一致") -> 9
A11: 客观准备状态 | B11: =IF(AND(B9=36,D9=36,B10=9),"客观材料已齐，可完成报告","待完成") -> 待完成
A14: 一页领导汇报素材
A15: 一句话事实结论
A16: 三个关键数字
A17: 谨慎解释
A18: 不能推出
A19: 下一步需补数据
A20: AI使用披露
A23: 提交检查
A24: 1 | B24: 00表已填写班级、学号、姓名。
A25: 2 | B25: V1和V2均保留36人的分类、规则和理由。
A26: 3 | B26: V2九项公式自检均显示“一致”。
A27: 4 | B27: 已保留LMDT反馈和AI原回答/摘要，并写明接受、修改或拒绝。
A28: 5 | B28: 报告中包含一张图、事实结论、谨慎解释、不能推出和补证方向。
A29: 6 | B29: 文件名为：班级_学号_姓名_实践一_劳动力市场指标诊断_V2.xlsx。
A30: 7 | B30: 同时提交Word版LMDT核验与领导汇报报告。
